col_en,val_en,col_ar,val_ar
Age Group,0-1 years,الفئة العمرية,0-1 سنة
Age Group,0-4 years,الفئة العمرية,0-4 سنوات
Age Group,5-17 years,الفئة العمرية,5-17 سنة
Age Group,10-14 years,الفئة العمرية,10-14 سنة
Age Group,1-4 years,الفئة العمرية,1-4 سنوات
Age Group,15+ years,الفئة العمرية,15+ سنة
Age Group,15-19 years,الفئة العمرية,15-19 سنة
Age Group,15-24 years,الفئة العمرية,15-24 سنة
Age Group,15-64 years,الفئة العمرية,15-64 سنة
Age Group,20-24 years,الفئة العمرية,20-24 سنة
Age Group,25+ years,الفئة العمرية,25+ سنة
Age Group,25-29 years,الفئة العمرية,25-29 سنة
Age Group,30-34 years,الفئة العمرية,30-34 سنة
Age Group,35-39 years,الفئة العمرية,35-39 سنة
Age Group,40-44 years,الفئة العمرية,40-44 سنة
Age Group,45-49 years,الفئة العمرية,45-49 سنة
Age Group,50-54 years,الفئة العمرية,50-54 سنة
Age Group,55-59 years,الفئة العمرية,55-59 سنة
Age Group,5-9 years,الفئة العمرية,5-9 سنوات
Age Group,60-64 years,الفئة العمرية,60-64 سنة
Age Group,65-69 years,الفئة العمرية,65-69 سنة
Age Group,70-74 years,الفئة العمرية,70-74 سنة
Age Group,75+ years,الفئة العمرية,75+ سنة
Age Group,Age Total,الفئة العمرية,جميع الأعمار
Age Group,Age unknown,الفئة العمرية,العمر غير معروف
Area,Area Total,المنطقة,جميع المناطق
Area,Rural,المنطقة,ريف
Area,Urban,المنطقة,حضر
Causes of death,Certain infectious and parasitic diseases  ,سبب الوفاة,أمراض مُعْدِية و طفَيليَّة معينة
Causes of death,Neoplasms  ,سبب الوفاة,الأورام
Causes of death,"Endocrine, nutritional and metabolic diseases  ",سبب الوفاة,أمراض الغدد الصماء والتغذية والتمثيل الغذائي
Causes of death,Diseases of the blood and blood-forming organs and certain disorders involving the immune mechanism,سبب الوفاة,أمراض الدَّم وأعضاء تكوين الدم واضطرابات معينة تشمل اضطرابات المناعة
Causes of death,Mental and behavioural disorders  ,سبب الوفاة,الاضطرابات العقلية والسلوكية
Causes of death,Diseases of the nervous system  ,سبب الوفاة,أمراض الجِهَاز العَصَبي
Causes of death,Diseases of the eye and adnexa  ,سبب الوفاة,أمراض العين وملحقاتها
Causes of death,Diseases of the ear and mastoid process  ,سبب الوفاة,أمراض الأذن والنَّاتئ الخُشَّائي (الحَلَمي)
Causes of death,Diseases of the circulatory system  ,سبب الوفاة,أمراض الجِهاز الدَّوَري الدموي
Causes of death,Diseases of the respiratory system  ,سبب الوفاة,أمراض الجِهاز التنفسي
Causes of death,Diseases of the digestive system  ,سبب الوفاة,أمراض الجهاز الهَضْمي
Causes of death,Diseases of the genitourinary system  ,سبب الوفاة,أمراض الجِهَاز البَولي التَّناسُلي
Causes of death,"Pregnancy, childbirth and the puerperium  ",سبب الوفاة,مضاعفات الحَمْل أو الولادة أو النِّفاس
Causes of death,Diseases of the skin and subcutaneous tissue  ,سبب الوفاة,أَمرَاض الجِلد والنسيج تحت الجلد
Causes of death,Diseases of the musculoskeletal system and connective tissue  ,سبب الوفاة,أمراض الجِهاز الهَيكَلي العضلي والنسِيج الضَّام
Causes of death,"Congenital malformations, deformations and chromosomal abnormalities  ",سبب الوفاة,تشوهات خلقية، عيوب خلقية وكروموزومية
Causes of death,Certain conditions originating in the perinatal period  ,سبب الوفاة,حالات معينة تنشأ في فَتْرَة ما حول الولادة
Causes of death,"Symptoms, signs and abnormal clinical and laboratory findings, not elsewhere classified  ",سبب الوفاة,أعراض وعلامات نتائج اكلينكية معملية غير عادية وغير مصنفة في مكان آخر
Causes of death,"Injury, poisoning and certain other consequences of external causes  ",سبب الوفاة,إصابات أو تسمُّمَات أو بعض عواقب أخرى لأسباب خارجية
Causes of death,Codes for special purposes  ,سبب الوفاة,رُموز لِأَغراض خَاصَّة
Causes of death,External causes of morbidity and mortality  ,سبب الوفاة,أسباب خارجية للمرضَ والوَفاة
Causes of death,Factors influencing health status and contact with health services  ,سبب الوفاة,عوامل تؤثر في الحالة الصحية وفي الاتصال بالخدمات الصحية
Causes of death,Unspecified,سبب الوفاة,غير مبين
Causes of death,Certain infectious or parasitic diseases,سبب الوفاة,بعض الأمراض المُعْدِية (العَدْوائيَّة) أو الطفَيليَّة
Causes of death,Neoplasms,سبب الوفاة,أورام
Causes of death,Diseases of the blood or blood-forming organs,سبب الوفاة,أمراض في الدَّم وفي الأعضاء المُكونة للدم
Causes of death,Diseases of the immune system,سبب الوفاة,أمراض جهاز المَناعَة
Causes of death,"Endocrine, nutritional or metabolic diseases",سبب الوفاة,أمراض الغدد الصماء أو أمراض التغذية أو أمراض الاستقلاب
Causes of death,"Mental, behavioural or neurodevelopmental disorders",سبب الوفاة,اضطِرابات نَفسيَّة أو سُلوكيَّة أو اضطرابات النماء العصبي
Causes of death,Sleep-wake disorders,سبب الوفاة,اضطرابات النوم-الاستيقاظ
Causes of death,Diseases of the nervous system,سبب الوفاة,أمراض الجِهَاز العَصَبي
Causes of death,Diseases of the visual system,سبب الوفاة,أمراض في جهاز البصر
Causes of death,Diseases of the ear or mastoid process,سبب الوفاة,أمراض الأذن أوالنَّاتئ الخُشَّائي (الحَلَمي)
Causes of death,Diseases of the circulatory system,سبب الوفاة,امراض الجهاز الدوري الدموي
Causes of death,Diseases of the respiratory system,سبب الوفاة,أمراض الجِهاز التنفسي
Causes of death,Diseases of the digestive system,سبب الوفاة,أمراض جهاز الهَضْمي
Causes of death,Diseases of the skin,سبب الوفاة,أَمرَاض الجِلد
Causes of death,Diseases of the musculoskeletal system or connective tissue,سبب الوفاة,أمراض الجِهاز العضلي الهَيكَلي أو النسِيج الضَّام
Causes of death,Diseases of the genitourinary system,سبب الوفاة,أمراض الجِهَاز البَولي التَّناسُلي
Causes of death,Conditions related to sexual health,سبب الوفاة,حالات ترتبط بالصحة الجنسية
Causes of death,"Pregnancy, childbirth or the puerperium",سبب الوفاة,الحَمْل أو الولادة أو النِّفاس
Causes of death,Certain conditions originating in the perinatal period,سبب الوفاة,بعض حَالات تنشأ في الفَتْرَة المُحِيْطَة بالولادة
Causes of death,Developmental anomalies,سبب الوفاة,شذوذات في النماء
Causes of death,"Symptoms, signs or clinical findings, not elsewhere classified",سبب الوفاة,أعراض أو علامات أو نتائج سريرية، لم يتم تصنيفها في مكان آخر
Causes of death,"Injury, poisoning or certain other consequences of external causes",سبب الوفاة,إصابات أو تسمُّمَات أو بعض عقابيل أخرى أسبابها خارجية
Causes of death,External causes of morbidity or mortality,سبب الوفاة,أسباب خارجية للمراضَة والوَفيات
Causes of death,Factors influencing health status or contact with health services,سبب الوفاة,عَوامِل تؤثر على الحالة الصحية أو على الاتصال بالخَدمات الصحية
Causes of death,Codes for special purposes,سبب الوفاة,رموز لِأَغراض خَاصَّة
International classification for causes of death,,التصنيف الدولي لاسباب الوفاة,
Marital status,Marital status Total,الحالة الزوجية,جميع الحالات الزوجية
Marital status,Married,الحالة الزوجية,متزوج
Marital status,Never married,الحالة الزوجية,لم يسبق له الزواج
Marital status,Others,الحالة الزوجية,غيره
Marital status,Separated/ divorced,الحالة الزوجية,منفصل/ مطلق
Marital status,Widowed,الحالة الزوجية,ارمل
Country,Algeria,الدولة,الجزائر
Country,Bahrain,الدولة,البحرين
Country,Comoros Islands,الدولة,جزر القمر
Country,Djibouti,الدولة,جيبوتي
Country,Egypt,الدولة,مصر
Country,Iraq,الدولة,العراق
Country,Jordan,الدولة,الأردن
Country,Kuwait,الدولة,الكويت
Country,Lebanon,الدولة,لبنان
Country,Libya,الدولة,ليبيا
Country,Mauritania,الدولة,موريتانيا
Country,Morocco,الدولة,المغرب
Country,Oman,الدولة,عُمان
Country,Palestine,الدولة,فلسطين
Country,Qatar,الدولة,قطر
Country,Saudi Arabia,الدولة,المملكة العربية السعودية
Country,Somalia,الدولة,الصومال
Country,Sudan,الدولة,السودان
Country,Syrian Arab Republic,الدولة,الجمهورية العربية السورية
Country,Tunisia,الدولة,تونس
Country,United Arab Emirates,الدولة,الإمارات العربية المتحدة
Country,Yemen,الدولة,اليمن
Economic activity,Agriculture,أقسام النشاط الإقتصادي,زراعة وحراجة
Economic activity,Construction,أقسام النشاط الإقتصادي,بناء وتشييد
Economic activity,Industry,أقسام النشاط الإقتصادي,صناعة
Economic activity,Not adequately defined,أقسام النشاط الإقتصادي,غير مصنف
Economic activity,Services,أقسام النشاط الإقتصادي,خدمات
Education level,All levels,المرحلة التعليمية,جميع المراحل التعليمية
Education level,Preparatory,المرحلة التعليمية,إعدادي
Education level,Primary,المرحلة التعليمية,إبتدائي
Education level,Basic,المرحلة التعليمية,أساسي
Education level,Secondary/Academic &Vocational,المرحلة التعليمية,ثانوي/أكاديمي ومهني
Education level,Tertiary/Academic &Vocational,المرحلة التعليمية,جامعي/أكاديمي ومهني
Employment status,Contributing family workers,وضع العمالة,يعمل بدون أجر لدى الأسرة أو الأقارب
Employment status,Employees,وضع العمالة,مستخدم (يعمل بأجر)
Employment status,Employer,وضع العمالة,رب عمل
Employment status,Other,وضع العمالة,اخرى
Employment status,Own-account workers,وضع العمالة,يعمل لحسابه
Indicator,Active mobile broadband subscribers per 100 inhabitants,المؤشر,عدد الاشتراكات النشطة في الحزمة العريضة النقالة لكل 100 نسمة
Indicator,"Adult literacy rate, population aged 15 and above",المؤشر,معدل معرفة القراءة والكتابة للفئة العمرية 15 سنة وما فوق (نسبة مئوية)
Indicator,Population size by nationality,المؤشر,حجم السكان حسب المواطنة
Indicator,Population size by area,المؤشر,حجم السكان حسب المنطقة
Indicator,Average annual population growth rate (%),المؤشر,معدل النمو السكاني السنوي (%)
Indicator,Refugee population (number),المؤشر,السكان اللاجئين (العدد)
Indicator,International migrant stock (number),المؤشر,المهاجرين الدوليين (العدد)
Indicator,Average household size by nationality,المؤشر,متوسط حجم الأسرة المعيشية حسب المواطنة
Indicator,Average household size by area,المؤشر,متوسط حجم الأسرة المعيشية حسب المنطقة
Indicator,Households headed by women (%) by nationality,المؤشر,الأسر المعيشية التي ترأسها امرأة (%) حسب المواطنة
Indicator,Households headed by women (%) by area,المؤشر,الأسر المعيشية التي ترأسها امرأة (%) حسب المنطقة
Indicator,Population distribution by marital status and area (number),المؤشر,توزيع السكان حسب الحالة الزواجية
Indicator,Population distribution by marital status  and area (%),المؤشر,توزيع السكان حسب الحالة الزواجية والمنطقة (عدد)
Indicator,Population distribution by marital status and nationality  (number),المؤشر,توزيع السكان حسب الحالة الزواجية والمنطقة (%)
Indicator,Population distribution by marital status and nationality (%),المؤشر,توزيع السكان حسب الحالة الزواجية والمواطنة (عدد)
Indicator,Mean age at first marriage (years) by nationality,المؤشر,متوسط العمر عند الزواج الأول (سنوات) حسب المواطنة
Indicator,Mean age at first marriage (years) by area,المؤشر,متوسط العمر عند الزواج الأول (سنوات) حسب المنطقة
Indicator,Registered marriages (number),المؤشر,حالات الزواج المسجلة (عدد)
Indicator,"Crude marriage rate (per 1,000 inhabitants)",المؤشر,"معدل الزواج الخام (لكل 1,000 نسمة)"
Indicator,Registered divorces (number),المؤشر,حالات الطلاق المسجلة (عدد)
Indicator,"Crude divorce rate (per 1,000 inhabitants)",المؤشر,"معدل الطلاق الخام (لكل 1,000 نسمة)"
Indicator,"Age specific fertility rates (births per 1,000 women aged 15-49)",المؤشر,"معدلات الخصوبة العمرية التفصيلية (عدد المواليد لكل 1,000 امرأة في الفئة العمرية 15-49)"
Indicator,Total fertility rate (children per woman) by nationality,المؤشر,معدل الخصوبة الكلي (عدد الولادات لكل امرأة) حسب المواطنة
Indicator,Total fertility rate (children per woman) by area,المؤشر,معدل الخصوبة الكلي (عدد الولادات لكل امرأة) حسب المنطقة
Indicator,"Crude birth rate (per 1,000 inhabitants)",المؤشر,"معدل الولادات الخام (لكل 1,000 نسمة)"
Indicator,Registered livebirths (number) by nationality,المؤشر,عدد الولادات الحية المسجلة (عدد) حسب المواطنة
Indicator,Registered livebirths (number) by area,المؤشر,عدد الولادات الحية المسجلة (عدد) حسب المنطقة
Indicator,Proportion of children under 5 years of age whose births have been registered with a civil authority,المؤشر,نسبة الأطفال دون سن الخامسة الذين كانت ولادتهم مسجلة لدى سلطة مدنية
Indicator,Sex ratio at birth (male birth per female birth),المؤشر,نسبة الذكور الى الإناث (عند الولادة)
Indicator,Life expectancy at birth (years),المؤشر,العمر المتوقع عند الولادة (السنوات)
Indicator,"Crude death rate (per 1,000 inhabitants)",المؤشر,"معدل الوفيات الخام (لكل 1,000 نسمة)"
Indicator,Registered deaths (number) by nationality,المؤشر,عدد الوفيات المسجلة حسب المواطنة
Indicator,Registered deaths (number) by area,المؤشر,عدد الوفيات المسجلة حسب المنطقة
Indicator,"Infant mortality rate (per 1,000 livebirths) by nationality",المؤشر,"معدل وفيات الأطفال الرضع (لكل 1,000 ولادة حية) حسب المواطنة"
Indicator,"Infant mortality rate (per 1,000 livebirths) by area",المؤشر,"معدل وفيات الأطفال الرضع (لكل 1,000 ولادة حية) حسب المنطقة"
Indicator,"Under-five mortality rate (per 1,000 livebirths) by nationality",المؤشر,"معدل وفيات الأطفال دون سن الخامسة (لكل 1,000 ولادة حية) حسب المواطنة"
Indicator,"Under-five mortality rate (per 1,000 livebirths) by area",المؤشر,"معدل وفيات الأطفال دون سن الخامسة (لكل 1,000 ولادة حية) حسب المنطقة"
Indicator,Mortality rate for children (1-4 years) by nationality,المؤشر,معدل وفيات الأطفال (1-4 سنوات) حسب المواطنة
Indicator,Mortality rate for children (1-4 years) by area,المؤشر,معدل وفيات الأطفال (1-4 سنوات) حسب المنطقة
Indicator,"Number of victims of intentional homicide per 100,000 population",المؤشر,"عدد الوفيات والأشخاص المفقودين والأشخاص المتضررين من الكوارث لكل 100,000 شخص"
Indicator,Causes of death - ICD 10 by nationality,المؤشر,أسباب الوفيات - ICD 10 حسب المواطنة
Indicator,Causes of death - ICD 11 by nationality,المؤشر,أسباب الوفيات - ICD 11 حسب المواطنة
Indicator,"Maternal mortality ratio (per 100,000 live births) by nationality",المؤشر,"معدل وفيات الأمهات (لكل 100,000 ولادة حية) حسب المواطنة"
Indicator,"Maternal mortality ratio (per 100,000 live births) by area",المؤشر,"معدل وفيات الأمهات (لكل 100,000 ولادة حية) حسب المنطقة"
Indicator,Births attended by skilled health personnel (percent) by nationality,المؤشر,الولادات التي يشرف عليها أخصائيون صحّيون مَهَرة (نسبة مئوية) حسب المواطنة
Indicator,Births attended by skilled health personnel (percent) by area,المؤشر,الولادات التي يشرف عليها أخصائيون صحّيون مَهَرة (نسبة مئوية) حسب المنطقة
Indicator,Antenatal care (percent) by nationality,المؤشر,الرعاية قبل الولادة (4 زيارات على الأقل أثناء الحمل) (نسبة مئوية) حسب المواطنة
Indicator,Antenatal care (percent) by area,المؤشر,الرعاية قبل الولادة (4 زيارات على الأقل أثناء الحمل) (نسبة مئوية) حسب المنطقة
Indicator,Use of modern contraception method (percent) by nationality,المؤشر,استخدام وسائل منع الحمل الحديثة (نسبة مئوية) حسب المواطنة
Indicator,Use of modern contraception method (percent) by area,المؤشر,استخدام وسائل منع الحمل الحديثة (نسبة مئوية) حسب المنطقة
Indicator,Use of traditional contraception method (percent) by nationality,المؤشر,استخدام وسائل منع الحمل التقليدية (نسبة مئوية) حسب المواطنة
Indicator,Use of traditional contraception method (percent) by area,المؤشر,استخدام وسائل منع الحمل التقليدية (نسبة مئوية) حسب المنطقة
Indicator,Use of contraception (percent) by nationality,المؤشر,استخدام وسائل منع الحمل (الحديثة والتقليدية) (نسبة مئوية) حسب المواطنة
Indicator,Use of contraception (percent) by area,المؤشر,استخدام وسائل منع الحمل (الحديثة والتقليدية) (نسبة مئوية) حسب المنطقة
Indicator,"DPT (Diphteria, Pertussis, Tetanus) immunization coverage rate (percent) for children aged between 12-23 months",المؤشر,النسبة المئوية للتحصين ضد الثلاثي (الكزاز+ الدفتريا + السعال الديكي) للأطفال الذين تتراوح أعمارهم بين 12-23 شهرا
Indicator,Measles immunization coverage rate (percent) for children aged between 12-23 months,المؤشر,النسبة المئوية للتحصين ضد الحصبة للأطفال الذين تتراوح أعمارهم بين 12-23 شهرا
Indicator,BCG immunization coverage rate (percent) for children aged between 12-23 months,المؤشر,النسبة المئوية للتحصين ضد السل (التدرن) للأطفال الذين تتراوح أعمارهم بين 12-23 شهرا
Indicator,Polio immunization coverage rate (percent) for children aged between 12-23 months,المؤشر,النسبة المئوية للتحصين ضد الشلل للأطفال الذين تتراوح أعمارهم بين 12-23 شهرا
Indicator,Hepatitis immunization coverage rate (percent) for children aged between 12-23 months,المؤشر,النسبة المئوية للتحصين ضد التهاب الكبد للأطفال الذين تتراوح أعمارهم بين 12-23 شهرا
Indicator,Prevalence of stunted children aged <5 years (percent),المؤشر,النسبة المئوية للأطفال دون الخامسة من العمر – قصر القامة
Indicator,Prevalence of wasted children aged <5 years (percent),المؤشر,النسبة المئوية للأطفال دون الخامسة من العمر – النحافة
Indicator,Prevalence of underweight children aged < 5 years (percent),المؤشر,النسبة المئوية للأطفال دون الخامسة من العمر – انخفاض الوزن
Indicator,Prevalence of undernourishment (percent),المؤشر,معدّل انتشار نقص التغذية (نسبة مئوية)
Indicator,Smoking prevalence rate (percent),المؤشر,معدل انتشار التدخين (نسبة مئوية)
Indicator,Number of deaths from car accidents,المؤشر,عدد الوفيات بسبب حوادث السير
Indicator,Percentage of deaths from car accidents,المؤشر,النسبة المئوية للوفيات بسبب حوادث السير
Indicator,"Deaths from conflict per 100,000 people",المؤشر,"الوفيات المتصلة بالنزاع لكل 100,000 نسمة"
Indicator,Number of physicians,المؤشر,عدد الأطباء
Indicator,Number of nurses,المؤشر,عدد الممرضين/الممرضات
Indicator,Number of pharmacists,المؤشر,عدد الصيادلة
Indicator,Number of dentists,المؤشر,عدد أطباء الأسنان
Indicator,Number of hospitals,المؤشر,عدد المستشفيات
Indicator,Number of hospital beds,المؤشر,عدد اسرة المستشفيات
Indicator,Number of pharmacies,المؤشر,عدد الصيدليات
Indicator,Children aged 5-17 engaged in child labor (percent),المؤشر,النسبة المئوية للأطفال الذين تتراوح أعمارهم بين 5 و 17 سنة يعملون في عمل الأطفال
Indicator,Employment (15 years and over) by economic activity (percent),المؤشر,العمالة حسب أقسام النشاط الاقتصادي (%)
Indicator,Employment (15 years and over) by occupation (percent),المؤشر,العمالة حسب أقسام المهن الرئيسية (%)
Indicator,Employment (15 years and over) by sector (percent),المؤشر,العمالة حسب القطاع (عام-خاص-غير ذلك) (%)
Indicator,Employment status (15 years and over) (percent),المؤشر,الحالة العملية (%)
Indicator,Employment to population ratio,المؤشر,نسبة العمالة إلى السكان
Indicator,Expenditure on education as a percentage of total government expenditure  (percent),المؤشر,الإنفاق العام على التعليم (كنسبة مئوية من إجمالي الإنفاق الحكومي)  (نسبة مئوية)
Indicator,Expenditure shares (percent),المؤشر,حصة الإنفاق
Indicator,GINI Index ,المؤشر,مؤشر جيني
Indicator,Government expenditure on education as a percentage of GDP (percent),المؤشر,الإنفاق العام على التعليم (كنسبة مئوية من الناتج المحلي الإجمالي) (نسبة مئوية)
Indicator,Internet Users per 100 inhabitants,المؤشر,عدد مستخدمي الإنترنت لكل 100 نسمة
Indicator,Labor force participation rate,المؤشر,معدل المشاركة في القوى العاملة (%)
Indicator,Net enrolment rate in primary education (percent),المؤشر,معدل الإلتحاق الصافي في مرحلة التعليم الإبتدائي (نسبة مئوية)
Indicator,Net enrolment rate in basic education (percent),المؤشر,معدل الإلتحاق الصافي في مرحلة التعليم الأساسي (نسبة مئوية)
Indicator,Net enrolment rate in secondary education (percent),المؤشر,معدل الإلتحاق الصافي في مرحلة التعليم الثانوي (نسبة مئوية)
Indicator,"Occupied housing units by main source of drinking water, residence and year (percentage)",المؤشر,الوحدات السكنية المأهولة حسب المصدر الرئيسي لمياه الشرب ومكان الإقامة والسنة (%)
Indicator,"Percentage of youth (aged 15-24) outside education, training, and work ",المؤشر,نسبة الشباب (بين 15 و 24 سنة) خارج دائرة التعليم والعمالة والتدريب
Indicator,Persons outside the labor force aged 15 and over (percent),المؤشر,الأفراد خارج القوى العاملة حسب الفئة العمرية 
Indicator,Persons outside the labor force aged 15 and over by reason of activity (percent),المؤشر,الأفراد خارج القوى العاملة حسب السبب
Indicator,Poverty gap at national poverty line (percent),المؤشر,فجوة الفقر عند خط الفقر الوطني
Indicator,Proportion of individuals who own a mobile telephone,المؤشر,نسبة الأفراد الذين يملكون الهاتف المحمول
Indicator,Proportion of the population living below the national poverty line (percent),المؤشر,نسبة السكان الذين يعيشون تحت خط الفقر الوطني
Indicator,"Pupil-teacher ratio, private (percent)",المؤشر,معدل الطلاب إلى المدرسين (ات) في القطاع الخاص (نسبة مئوية) 
Indicator,"Pupil-teacher ratio, public (percent)",المؤشر,معدل الطلاب إلى المدرسين (ات) في القطاع العام (نسبة مئوية) 
Indicator,"Pupil-teacher ratio, total (percent)",المؤشر,معدل الطلاب إلى المدرسين (ات) في جميع القطاعات (نسبة مئوية) 
Indicator,Share of consumption expenditure (percent),المؤشر,حصة الإنفاق الاستهلاكي
Indicator,Source of Lighting (% of total housing units),المؤشر,نوع الإضاءة (نسبة مئوية من مجموع الوحدات السكنية)
Indicator,Tenure of housing unit (%),المؤشر,حيازة الوحدات السكنية (%)
Indicator,Type of living quarters (% of total dwellings),المؤشر,نوع مكان الإقامة (نسبة مئوية من مجموع  المساكن)
Indicator,Types of sewage disposal system (% of total housing units),المؤشر,أنواع نظام تصريف مياه المجاري (نسبة مئوية من مجموع الوحدات السكنية)
Indicator,Unemployment rate,المؤشر,معدل البطالة (%)
Indicator,"Youth literacy rate, population aged 15–24",المؤشر,معدل معرفة القراءة والكتابة للفئة العمرية 15-24 سنة (نسبة مئوية)
Main occupation,Armed forces occupations,أقسام المهن الرئيسية,القوات المسلحة
Main occupation,Clerical support workers,أقسام المهن الرئيسية,الكتبة
Main occupation,Craft and related workers,أقسام المهن الرئيسية,الحرفيون و الأعمال المتعلقة بها
Main occupation,Elementary occupations,أقسام المهن الرئيسية,المهن الأولية
Main occupation,Managers,أقسام المهن الرئيسية,المديرون
Main occupation,Not specified,أقسام المهن الرئيسية,غير محدد
Main occupation,"Plant and machine operators, and assemblers",أقسام المهن الرئيسية,العاملون في تشغيل و تجميع الالات والمعدات
Main occupation,Professionals,أقسام المهن الرئيسية,الاختصاصيون
Main occupation,Service and sales workers,أقسام المهن الرئيسية,العاملون في مهن الخدمات والبيع في الاسواق والمحلات
Main occupation,Skilled agricultural and fishery workers,أقسام المهن الرئيسية,العمال المهرة في الزراعة وصيد الأسماك
Main occupation,Technicians and associate professionals,أقسام المهن الرئيسية,الفنيون ومساعدو الاختصاصيين
Nationality,Nationality Total,المواطنة,مجموع المواطنين وغير المواطنين
Nationality,Nationals,المواطنة,مواطنون
Nationality,Non-nationals,المواطنة,غير مواطنين
Quintile,Highest 20%,الفئة,أغنى 20%
Quintile,Lowest 20%,الفئة,أفقر 20%
Quintile,Total,الفئة,جميع الفثات
Reasons for inactivity,Education,أسباب البقاء خارج القوى العاملة,الدراسة/التدريب
Reasons for inactivity,Homemaker,أسباب البقاء خارج القوى العاملة,الانشغال باعمال المنزل
Reasons for inactivity,Old age/sickness,أسباب البقاء خارج القوى العاملة,كبر السن/ المرض
Reasons for inactivity,Other,أسباب البقاء خارج القوى العاملة,اسباب اخرى
Institutional sector,Mixed,القطاع المؤسسي,مختلط
Institutional sector,Other,القطاع المؤسسي,أخرى
Institutional sector,Private,القطاع المؤسسي,قطاع خاص
Institutional sector,Public,القطاع المؤسسي,قطاع عام
Institutional sector,Sector Total,القطاع المؤسسي,جميع القطاعات
Sex,Both sexes,الجنس,كلا الجنسين
Sex,Female,الجنس,إناث
Sex,Male,الجنس,ذكور
Source,,المصدر,
Source of Lighting,Electricity from a community supply,مصدر الإضاءة,كهرباء من شبكة الكهرباء المحلية
Source of Lighting,Electricity from other sources,مصدر الإضاءة,كهرباء من مصادر أخرى
Source of Lighting,Electricity from private generating plant,مصدر الإضاءة,كهرباء من مولد كهربائي خاص
Source of Lighting,Gas ,مصدر الإضاءة,غاز
Source of Lighting,Non-existent ,مصدر الإضاءة,غير موجود
Source of Lighting,Oil lamps,مصدر الإضاءة,مصابيح زيتية
Source of Lighting,Other,مصدر الإضاءة,أخرى
Source of water supply,Borehole/tube well,مصدر مياه الشرب,    بئر ارتوازي / بئر ارتوازي ذو أنبوب
Source of water supply,"Delivered water—bottled, sachet",مصدر مياه الشرب,    مياه معبأة ومغلفة، (زجاجات، أكياس صغيرة)
Source of water supply,"Delivered water—tanker trucks, carts",مصدر مياه الشرب,    مياه موصولة بواسطة شاحنات صهاريج، عربات
Source of water supply,Other,مصدر مياه الشرب,    أخرى
Source of water supply,Piped water inside the unit from an individual source,مصدر مياه الشرب,    مياه موصولة بالأنابيب داخل الوحدة السكنية من مصدر فردي
Source of water supply,Piped water inside the unit from the community scheme,مصدر مياه الشرب,    مياه موصولة بالأنابيب داخل الوحدة السكنية من نظام المجتمع المحلي
Source of water supply,Piped water outside the unit but within 200 meters from an individual source,مصدر مياه الشرب,    مياه موصولة بالأنابيب خارج الوحدة السكنية ولكن ضمن مسافة 200 متر من مصدر فردي
Source of water supply,Piped water outside the unit but within 200 meters from the community scheme,مصدر مياه الشرب,    مياه موصولة بالأنابيب خارج الوحدة السكنية ولكن ضمن مسافة 200 متر من نظام المجتمع المحلي
Source of water supply,Protected dug well,مصدر مياه الشرب,    بئر محمي
Source of water supply,Protected spring,مصدر مياه الشرب,    ينبوع محمي
Source of water supply,Rainwater collection tank,مصدر مياه الشرب,    صهريج تجميع مياه الأمطار
Source of water supply,Unprotected dug well/spring/river/stream/lake/pond/dam/canal/irrigation channel,مصدر مياه الشرب,    بئر / ينبوع / نهر / جدول / سد / قناة ري / قناة ري غير محمية
Tenure of housing unit,In co-operative ownership,نوع حيازة الوحدات السكنية,ملكية مشتركة
Tenure of housing unit,Not specified,نوع حيازة الوحدات السكنية,غير محدد
Tenure of housing unit,Other,نوع حيازة الوحدات السكنية,اخرى
Tenure of housing unit,Owner,نوع حيازة الوحدات السكنية,ملك
Tenure of housing unit,Provided by family,نوع حيازة الوحدات السكنية,مؤمّن من العائلة
Tenure of housing unit,"Provided by the employer, local or central government and/or by nonprofit organizations",نوع حيازة الوحدات السكنية,مؤمّن من قبل صاحب العمل، الحكومة المحلية أو المركزية، و/أو منظمات غير ربحية
Tenure of housing unit,Rented dwelling,نوع حيازة الوحدات السكنية,سكن مستأجر
Type of living quarter,"Camps and worker’s quarters (military camps, workers' camps, refugee camps,  camps for internally displaced persons, other)",نوع مكان الإقامة,المعسكرات وأماكن إقامة العمال (المعسكرات العسكرية، معسكرات العمال، مخيمات اللاجئين، مخيمات النازحين داخلياً، وأخرى)
Type of living quarter,Conventional dwelling does not have all basic facilities,نوع مكان الإقامة,السكن التقليدي لا يحتوي على جميع المرافق الأساسية
Type of living quarter,Conventional dwelling with all basic facilities,نوع مكان الإقامة,السكن التقليدي مع المرافق الأساسية
Type of living quarter,"Hotels, rooming houses and other lodging houses",نوع مكان الإقامة,الفنادق ودور الحجز والمبيت الأخرى
Type of living quarter,Informal housing units,نوع مكان الإقامة,وحدات السكن العشوائية
Type of living quarter,"Institutions (hospitals, correctional institutions, military institutions, religious  institutions, retirement homes, homes for elderly, student dormitories, staff quarters,  orphanages, other)",نوع مكان الإقامة,المؤسسات (المستشفيات، المؤسسات الإصلاحية، المؤسسات العسكرية، المؤسسات الدينية، دور المسنين، دور المسنين، السكن الجامعي، أماكن إقامة الموظفين، دور الأيتام، وأخرى)
Type of living quarter,Mobile housing units,نوع مكان الإقامة,وحدات السكن المتنقلة
Type of living quarter,Other,نوع مكان الإقامة,أخرى
Type of living quarter,Semi-permanent housing units,نوع مكان الإقامة,وحدات السكن شبه الدائمة
Types of products/services,Clothing and footwear,نوع الخدمات/المنتجات,الملابس والأحذية
Types of products/services,Education,نوع الخدمات/المنتجات,التعليم
Types of products/services,Food and non-alcoholic beverages,نوع الخدمات/المنتجات,الأغذية والمشروبات
Types of products/services,Health,نوع الخدمات/المنتجات,الصحة
Types of products/services,"Housing, water, electricity, gas and other fuels",نوع الخدمات/المنتجات,الإسكان والمياه والكهرباء والغاز
Types of products/services,Total,نوع الخدمات/المنتجات,المجموع
Types of sewage disposal system,"All other arrangements —toilet empties into an open ditch, a pit, a river, the sea, and so forth",أنواع نظام التخلص من مياه الصرف الصحي,جميع الأشكال الأخرى — حيث يتم تفريغ المرحاض في قناة مفتوحة أو حفرة أو نهر أو البحر، وما إلى ذلك
Types of sewage disposal system,No disposal system,أنواع نظام التخلص من مياه الصرف الصحي,عدم وجود نظام تخلص
Types of sewage disposal system,No sewage disposal system,أنواع نظام التخلص من مياه الصرف الصحي,عدم وجود نظام تخلص من مياه الصرف الصحي
Types of sewage disposal system,Wastewater empties into a piped system connected to a public sewage disposal plant,أنواع نظام التخلص من مياه الصرف الصحي,تصريف مياه الصرف الصحي إلى نظام مجاري متصل بمحطة معالجة الصرف الصحي العامة
Types of sewage disposal system,"Wastewater empties into a piped system connected to an individual sewage disposal system (septic tank, cesspool)",أنواع نظام التخلص من مياه الصرف الصحي,تصريف مياه الصرف الصحي إلى نظام مجاري متصل بنظام تخلص فردي لمياه الصرف الصحي (صهريج صرف صحي، بئر امتصاص)
Value,,العدد,
Year,,السنة,
Chapter,Education,الفصل,التعليم
Chapter,Population,الفصل,سكان
Chapter,Labor,الفصل,عمالة
Chapter,Health,الفصل,الصحة
Chapter,Poverty,الفصل,الفقر
Chapter,Housing,الفصل,سكن
Educational sector,Total sector,القطاع,جميع القطاعات
Educational sector,Private,القطاع,خاص
Educational sector,Public,القطاع,عام
Source,IKN Survey 2011,المصدر,  مسح IKN 2011
Source,"Palestinian Central Bureau of Statistics, 2023: Labour Force Survey Database 2010-2022, Ramallah, Palestine.",المصدر, الجهاز المركزي للاحصاء الفلسطيني، 2023 : قاعدة بيانات مسح القوى العاملة 2010-2022 ، رام الله، فلسطين.
Source,Estimated data,المصدر, بيانات تقديرية
Source,Estimated data,المصدر, بيانات تقديرية 
Source,"Estimated data from the Labour Force Survey - General Authority for Statistics, Kingdom of Saudi Arabia",المصدر, بيانات تقديرية من مسح القوى العاملة  - الهيئة العامة للإحصاء المملكة العربية السعودية
Source,2022 Census,المصدر, تعداد 2022
Source,Iraq Labour Force Survey 2021,المصدر, مسح القوى العاملة في العراق 2021
Source,PCBS - The Status of the Rights of Palestinian Children 2025 AND Palestine in Figures 2025,المصدر,PCBS - The Status of the Rights of Palestinian Children 2025 AND فلسطين غي ارقام 2025
Source,Central Administration of Statistics - based on data from the Ministry of Interior and Municipalities - Directorate General of Personal Status,المصدر,إدارة الإحصاء المركزي -  بالاستناد الى بيانات وزارة الداخلية والبلديات -المديرية العامة للأحوال الشخصية
Source,Central Administration of Statistics - based on data from the Ministry of Interior and Municipalities - Directorate General of Personal Status,المصدر,إدارة الإحصاء المركزي - بالاستناد الى بيانات وزارة الداخلية والبلديات -المديرية العامة للأحوال الشخصية
Source,Central Administration of Statistics - Lebanon - National Household Budget Survey,المصدر,إدارة الإحصاء المركزي- لبنان- المسح الوطني لميزانية الأسرة
Source,Central Administration of Statistics - Lebanon - Labour Force and Household Living Conditions Survey,المصدر,إدارة الإحصاء المركزي- لبنان- مسح القوى العاملة والأحوال المعيشية للأسر
Source,Central Administration of Statistics - Lebanon - Child Labour Survey,المصدر,إدارة الإحصاء المركزي- لبنان- مسح عمالة الأطفال
Source,Central Administration of Statistics - Lebanon - Labour Force Follow-up Survey,المصدر,إدارة الإحصاء المركزي- لبنان- مسح متابعة القوى العاملة 
Source,IHSES 2014,المصدر,احساس 2014
Source,General Department of Fertility and Population Estimates - Central Agency for Public Mobilization and Statistics,المصدر,الإدارة العامة للخصوبة وتقديرات السكان - الجهاز المركزي للتعبئة العامة والاحصاء
Source,Vital Statistics,المصدر,الاحصاءات الحيوية
Source,Vital Statistics 2010,المصدر,الاحصاءات الحيوية 2010
Source,Population Projections 2005-2025,المصدر,الاسقاطات السكانية من 2005- 2025
Source,World Bank,المصدر,البنك الدولي
Source,Population data estimated at year-end for 2010-2022,المصدر,البيانات السكانية مقدرة لنهاية العام للسنوات 2010-2022
Source,"Age structure for the country as a whole based on the smoothed 2017 population in line with the population projections (2022/2072), based on the population estimates - Population Projections (2022/2072) - Central Agency for Public Mobilization and Statistics",المصدر,التركيب العمرى لاجمالى الجمهورية يعتمد على سكان 2017 الممهد وفقاً للاسقاطات السكانية (2072/2022) بناءً علي التقديرات السكانية - الاسقاطات السكانية (2072/2022) - الجهاز المركزي للتعبئة العامة والاحصاء
Source,Annual Statistical Report of Tunisia - National Institute of Statistics,المصدر,التشرية الإحصائية السنوية لتونس - المعهد الوطني للإحصاء
Source,Electronic Census 2020,المصدر,التعداد الالكتروني 2020
Source,Register-based Census 2021,المصدر,التعداد التسجيلي 2021
Source,Population Census,المصدر,التعداد السكاني
Source,"General Census of Population, Housing and Establishments 2017",المصدر,التعداد العام للسكان والإسكان والمنشآت 2017
Source,"General Census of Population, Housing and Establishments 2017, and the Income, Expenditure and Consumption Survey",المصدر,"التعداد العام للسكان والإسكان والمنشآت 2017 ,وبحث الدخل والانفاق والاستهلاك"
Source,General Population and Housing Census 2024,المصدر,التعداد العام للسكان والسكنة لسنة 2024
Source,General Population and Housing Census - National Institute of Statistics,المصدر,التعداد العام للسكان والسكنى - المعهد الوطني للإحصاء
Source,General Population and Housing Census 2014,المصدر,التعداد العام للسكان والسكنى سنة 2014
Source,General Population and Housing Census 2024 (Statistical Report on the Family and Living Conditions) - National Institute of Statistics,المصدر,التعداد العام للسكان والسكنى لسنة 2024  (نشرية إحصائية حول الأسرة وظروف العيش)- المعهد الوطني للإحصاء
Source,General Population and Housing Census 2024 (Statistical Report on Demographic Characteristics) - National Institute of Statistics,المصدر,التعداد العام للسكان والسكنى لسنة 2024 (تشرية إجصائية حول الخصائص الديمغرافية - المعهد الوطني للإحصاء
Source,General Population and Housing Census 2024 (Statistical Report on the Family and Living Conditions) - National Institute of Statistics,المصدر,التعداد العام للسكان والسكنى لسنة 2024 (نشرية إحصائية حول الأسرة وظروف العيش)-المعهد الوطني للإحصاء
Source,General Population and Housing Census 2024 (Statistical Report on Demographic Characteristics) - National Institute of Statistics,المصدر,التعداد العام للسكان والسكنى لسنة 2024 (نشرية إحصائية حول الخصائص الديمغرافية) - المعهد الوطني للإجصاء
Source,General Population and Housing Census 2024 (Statistical Report on Demographic Characteristics) - National Institute of Statistics,المصدر,التعداد العام للسكان والسكنى لسنة 2024 (نشرية إحصائية حول الخصائص الديمغرافية) - المعهد الوطني للإحصاء
Source,General Population and Housing Census 2024 - Statistical Report on Demographic Characteristics - National Institute of Statistics,المصدر,التعداد العام للسكان والسكنى لسنة 2024 - تشرية إحصائية حول الخصائص الديمغرافية - المعهد الوطني للإحصاء
Source,General Population and Housing Census,المصدر,التعداد العام للسكان والمساكن 
Source,General Population and Housing Census 2015 (31/11/2015),المصدر,التعداد العام للسكان والمساكن 2015 (2015/11/31)
Source,General Population and Housing Census 2015 (31/11/2015),المصدر,التعداد العام للسكان والمساكن 2015 (2015/11/31) 
Source,General Population and Housing Census 2015 (31/11/2015) http://www.dos.gov.jo/dos_home_a/main/population/census2015/HousingUnits/Housing_2.16.pdf,المصدر,التعداد العام للسكان والمساكن 2015 (2015/11/31) http://www.dos.gov.jo/dos_home_a/main/population/census2015/HousingUnits/Housing_2.16.pdf
Source,General Population and Housing Census 2015 (31/11/2015) - the data include non-Jordanians residing in the Kingdom,المصدر,التعداد العام للسكان والمساكن 2015 (2015/11/31) البيانات تشمل غير الاردنيين المقيمين داخل المملكة
Source,General Population and Housing Census in Iraq 2024,المصدر,التعداد العام للسكان والمساكن في العراق 2024
Source,General Population and Housing Census 2024,المصدر,التعداد العام للسكان والمساكن لسنة 2024
Source,"Population estimates of the Central Bureau of Statistics based on the base year of the most recent census, 2006",المصدر,التقديرات السكانية لمصلحة الاحصاء والتعداد حسب سنة الاساس لاخر تعداد سنة 2006 
Source,"Palestinian Central Bureau of Statistics, 2024. General Census of Population, Housing and Establishments 2017.",المصدر,الجهاز المركزي للإحصاء الفلسطيني 2024. التعداد العام للسكان والمساكن والمنشآت 2017.
Source,"Palestinian Central Bureau of Statistics, 2018. General Census of Population, Housing and Establishments 2017: Summary of the Final Census Results. Ramallah - Palestine.",المصدر,الجهاز المركزي للإحصاء الفلسطيني، 2018 . التعداد العام للسكان والمساكن والمنشآت 2017 : ملخص النتائج النهائية للتعداد. رام الله -  فلسطين.
Source,"Palestinian Central Bureau of Statistics, 2023. Labour Force Survey for the years 2010-2022. Ramallah - Palestine.",المصدر,الجهاز المركزي للإحصاء الفلسطيني، 2023.  مسح القوى العاملة و لللأعوام 2010- 2022. رام الله - فلسطين.
Source,"Palestinian Central Bureau of Statistics, 2023. Estimates based on the results of the Labour Force Survey and of the General Census of Population, Housing and Establishments for 2007 and 2022. Ramallah - Palestine.",المصدر,الجهاز المركزي للإحصاء الفلسطيني، 2023. تقديرات مبنية على نتائج مسح القوى العاملة ونتائج التعداد العام للسكان والمساكن والمنشآت لللأعوام 2022،2007. رام الله - فلسطين.
Source,"Palestinian Central Bureau of Statistics, 2024. Revised estimates based on the final results of the General Census of Population, Housing and Establishments, 2017. Ramallah - Palestine",المصدر,الجهاز المركزي للإحصاء الفلسطيني، 2024.  تقديرات منقحة مبنية على النتائج النهائية للتعداد العام للسكان والمساكن والمنشات، 2017.  رام الله - فلسطين
Source,"Palestinian Central Bureau of Statistics, 2024. Revised estimates based on the final results of the General Census of Population, Housing and Establishments, 2017. Ramallah - Palestine.",المصدر,الجهاز المركزي للإحصاء الفلسطيني، 2024.  تقديرات منقحة مبنية على النتائج النهائية للتعداد العام للسكان والمساكن والمنشات، 2017.  رام الله - فلسطين. 
Source,"Palestinian Central Bureau of Statistics, 2024. Marriage and Divorce Database, Ramallah - Palestine.",المصدر,الجهاز المركزي للإحصاء الفلسطيني، 2024.  قاعدة بيانات الزواج والطلاق ، رام الله-  فلسطين.
Source,"Palestinian Central Bureau of Statistics, 2025. Palestine Statistical Yearbook 2025. Ramallah - Palestine.",المصدر,الجهاز المركزي للإحصاء الفلسطيني، 2025.  كتاب فلسطين الاحصائي السنوي 2025. رام الله - فلسطين.
Source,Palestinian Central Bureau of Statistics. Data updated from the population register - Ministry of Interior.,المصدر,الجهاز المركزي للاحصاء الفلسطيني.  بيانات محدثة من واقع سجل السكان- وزارة الداخلية.
Source,"Palestinian Central Bureau of Statistics, 2023: Labour Force Survey Database 2010-2022, Ramallah, Palestine.",المصدر,الجهاز المركزي للاحصاء الفلسطيني، 2023 : قاعدة بيانات مسح القوى العاملة 2010-2022 ، رام الله، فلسطين.
Source,"Palestinian Central Bureau of Statistics, 2023. Palestinian Multiple Indicator Cluster Survey 2019-2020",المصدر,الجهاز المركزي للاحصاء الفلسطيني، 2023. المسح الفلسطيني العقودي متعدد المؤشرات 2019-2020
Source,"Palestinian Central Bureau of Statistics, 2024. Palestinian Multiple Indicator Cluster Survey 2014",المصدر,الجهاز المركزي للاحصاء الفلسطيني، 2024. المسح الفلسطيني العقودي متعدد المؤشرات 2014
Source,"Palestinian Central Bureau of Statistics, 2024. Palestinian Family Survey 2010",المصدر,الجهاز المركزي للاحصاء الفلسطيني، 2024. مسح الأسرة اللفلسطيني 2010
Source,Central Agency for Public Mobilization and Statistics - General Department of Fertility and Population Estimates,المصدر,الجهاز المركزي للتعبئة العامة والسكان - الإدارة العامة للخصوبة وتقديرات السكان
Source,Civil Status - National Institute of Statistics,المصدر,الحالة المدنية - المعهد الوطتي للإحصاء
Source,Civil Status - National Institute of Statistics,المصدر,الحالة المدنية - المعهد الوطني للإحصاء
Source,Labour Force 2020,المصدر,القوى العاملة 2020
Source,Labour Force 2021,المصدر,القوى العاملة 2021
Source,Statistical Yearbook,المصدر,الكتاب الإحصائي 
Source,Annual Statistical Yearbook,المصدر,الكتاب الاحصائي السنوي
Source,Sharia Courts,المصدر,المحاكم الشرعية
Source,Sharia Courts https://jorinfo.dos.gov.jo/Databank/pxweb/ar/Divorce_Marriage/Divorce_Marriage__Marrige/Table_5.px/table/tableViewLayout2/,المصدر,المحاكم الشرعية https://jorinfo.dos.gov.jo/Databank/pxweb/ar/Divorce_Marriage/Divorce_Marriage__Marrige/Table_5.px/table/tableViewLayout2/
Source,Federal Competitiveness and Statistics Centre,المصدر,المركز الاتحادي للتنافسية و الاحصاء
Source,Federal Competitiveness and Statistics Centre - Population Statistics 2000-2024,المصدر,المركز الاتحادي للتنافسية والاحصاء - إحصاءات السكان 2000-2024
Source,Federal Competitiveness and Statistics Centre - Birth Statistics 2024,المصدر,المركز الاتحادي للتنافسية والاحصاء - إحصاءات المواليد 2024
Source,Federal Competitiveness and Statistics Centre - Death Statistics 2024,المصدر,المركز الاتحادي للتنافسية والاحصاء - إحصاءات الوفيات 2024
Source,National Centre for Security and Crisis Management,المصدر,المركز الوطني للأمن وإدارة الأزمات
Source,"National Centre for Disaster Risk Reduction, and the United Nations database",المصدر,المركز الوطني للحد من مخاطر الكوارث، وقاعدة بيانات الامم المتحدة 
Source,Labour Force Survey 2022,المصدر,المسح اقوى العاملة 2022
Source,Comprehensive Survey,المصدر,المسح الشامل
Source,Comprehensive Survey,المصدر,المسح الشامل 
Source,Egypt Family Health Survey,المصدر,المسح الصحي للأسرة المصرية
Source,Multiple Indicator Cluster Survey (MICS) 2011-2012,المصدر,المسح العنقودي متعدد المؤشرات  2011 - 2012 MICS
Source,Multiple Indicator Cluster Survey (MICS) 2011-2012,المصدر,المسح العنقودي متعدد المؤشرات 2011 - 2012  MICS
Source,Multiple Indicator Cluster Survey (MICS) 2011-2012,المصدر,المسح العنقودي متعدد المؤشرات 2011 - 2012 MICS
Source,Multiple Indicator Cluster Survey (MICS) 2012,المصدر,المسح العنقودي متعدد المؤشرات 2012
Source,Multiple Indicator Cluster Survey (MICS) 2023,المصدر,المسح العنقودي متعدد المؤشرات 2023 MICS
Source,National Employment and Unemployment Survey 2010,المصدر,المسح الوطنى للتشغيل والبطالة لسنة 2010
Source,National Employment and Unemployment Survey 2012,المصدر,المسح الوطنى للتشغيل والبطالة لسنة 2012
Source,National Employment and Unemployment Survey 2013,المصدر,المسح الوطنى للتشغيل والبطالة لسنة 2013
Source,Libya National Family Health Survey 2014,المصدر,المسح الوطني الليبي لصحة الأسرة 2014
Source,"National Survey on Household Expenditure, Consumption and Living Standards - National Institute of Statistics",المصدر,المسح الوطني حول الانفاق والاستهلاك ومستوى عيش الأسر - المعهد الوطني للإحصاء
Source,National Employment Survey,المصدر,المسح الوطني حول التشغيل
Source,National Population and Employment Survey - National Institute of Statistics,المصدر,المسح الوطني حول السكان والتشغيل -  المعهد الوطني للإحصاء
Source,National Population and Employment Survey - National Institute of Statistics,المصدر,المسح الوطني حول السكان والتشغيل - المعهد الوطني للإحصاء
Source,National Population and Employment Survey - National Institute of Statistics,المصدر,المسح الوطني حول السكان والتشغيل - المعهد الوطني للحصاء
Source,National International Migration Survey 2020-2021,المصدر,المسح الوطني حول الهجرة الدولية 2020-2021
Source,National Child Labour Survey - National Institute of Statistics,المصدر,المسح الوطني حول تشغيل الأطفال - المعهد الوطني للإحصاء
Source,National Population and Employment Survey - National Institute of Statistics,المصدر,المسح الوطني للسكان والتشغيل - المعهد الوطني للإحصاء
Source,Survey on Employment and Unemployment,المصدر,المسح حول الشغل و البطالة
Source,Survey on Employment and Unemployment,المصدر,المسح حول الشغل والبطالة
Source,Multiple Indicator Cluster Survey (MICS) 2023,المصدر,المسخ العنقودي متعدد المؤشرات 2023 MICS
Source,Source,المصدر,المصدر
Source,Preliminary results of the National Labour Force Survey 2022,المصدر,النتائج الأولية للمسح الوطنى للقوى العاملة 2022
Source,Annual Bulletin of Birth and Death Statistics,المصدر,النشرة السنوية لإجصاءات المواليد والوفيات
Source,Annual Bulletin of Marriage and Divorce Statistics,المصدر,النشرة السنوية لإحصاءات الزواج والطلاق
Source,Annual Bulletin of Birth and Death Statistics,المصدر,النشرة السنوية لإحصاءات المواليد والوفيات
Source,Annual Bulletin of Birth and Death Statistics and the Egypt Family Health Survey,المصدر,النشرة السنوية لإحصاءات المواليد والوفيات والمسح الصحي للأسرة المصرية
Source,Annual Bulletin of Marriage and Divorce Statistics,المصدر,النشرة النسوية لاحصاءات الزواج والطلاق 
Source,Annual Statistical Report of Tunisia - National Institute of Statistics,المصدر,النشرية الإحصائية السنوية لتونس - المعهد الوطتي للإحصاء
Source,Annual Statistical Report of Tunisia - National Institute of Statistics,المصدر,النشرية الإحصائية السنوية لتونس - المعهد الوطني للإحصاء
Source,"Income, Expenditure and Consumption Survey",المصدر,بحث الدخل والانفاق والاستهلاك
Source,Labour Force Survey,المصدر,بحث القوى العاملة 
Source,Based on the population estimates - Population Projections (2022/2072) - Central Agency for Public Mobilization and Statistics,المصدر,بناءً علي التقديرات السكانية - الاسقاطات السكانية (2072/2022) - الجهاز المركزي للتعبئة العامة والاحصاء
Source,Social statistics data,المصدر,بيانات الاحصاء الاجتماعي
Source,Civil status data,المصدر,بيانات الحالة المدنية
Source,Estimated data,المصدر,بيانات تقديرية
Source,"Estimated data from the Labour Force Survey - General Authority for Statistics, Kingdom of Saudi Arabia",المصدر,بيانات تقديرية من مسح القوى العاملة  - الهيئة العامة للإحصاء المملكة العربية السعودية
Source,"Estimated data from the Labour Force Survey - General Authority for Statistics, Kingdom of Saudi Arabia",المصدر,بيانات تقديرية من مسح القوى العاملة - الهيئة العامة للإحصاء المملكة العربية السعودية
Source,2010 Census - Information and eGovernment Authority,المصدر,تعداد 2010 - هيئة المعلومات والحكومة الإلكترونية
Source,2020 Census - Information and eGovernment Authority,المصدر,تعداد 2020 - هيئة المعلومات والحكومة الإلكترونية
Source,2022 Census,المصدر,تعداد 2022
Source,"Population, Housing and Establishments Census 2017",المصدر,تعداد السكان والإسكان والمنشأت 2017
Source,Register-based Census 2021,المصدر,تعداد تسجيلي 2021
Source,Iraq population estimates,المصدر,تقديرات سكان العراق
Source,"Iraq population estimates and the General Population and Housing Census in Iraq, 2021 and 2024",المصدر,تقديرات سكان العراق لسنة والتعداد العام للسكان والمساكن في العراق 20242021
Source,Iraq population estimates for 2021,المصدر,تقديرات سكان العراق لسنة2021
Source,Iraq population estimates for 2021,المصدر,تقديرات سكان العراق لسنة2021 
Source,Iraq population estimates for 2021 and IHSES 2014,المصدر,تقديرات سكان العراق لسنة2021 واحساس 2014
Source,"Fertility rate estimates for Saudi women by five-year age group for the period 2011 to 2022 [births per 1,000 women]",المصدر,تقديرات معدل الخصوبة للسعوديات مع تصنيفه حسب الفئات العمرية ( 5 سنوات ) للفترة الزمنية من 2011 إلى 2022 [مواليد لكل 1000 امرأة]
Source,Estimates of the Information and eGovernment Authority,المصدر,تقديرات هيئة المعلومات والحكومة الإلكترونية
Source,Sustainable Development Goals Report,المصدر,تقرير أهداف التنمية المستدامة
Source,Population Projections Report issued by the Directorate of Population and Labour Force Statistics,المصدر,تقرير اسقاطات السكان الصادر من مديرية احصاءات السكان والقوى العاملة
Source,Demographic projections,المصدر,توقعات ديموغرافية
Source,Planning and Statistics Authority - Labour Force 2022,المصدر,جهاز التخطيط والاحصاء - القوى العاملة 2022
Source,Planning and Statistics Authority - Labour Force Survey 2011-2022,المصدر,جهاز التخطيط والاحصاء - مسح القوى العاملة 2011 - 2022 
Source,"Department of Statistics, Jordan Statistical Yearbook",المصدر,دائرة الإحصاءات العامة، الكتاب الإحصائي السنوي الأردن
Source,Department of Statistics,المصدر,دائرة الاحصاءات العامة
Source,Department of Statistics / Employment and Unemployment Survey,المصدر,دائرة الاحصاءات العامة / مسح العمالة والبطالة
Source,"Department of Statistics, Population and Family Health Survey",المصدر,دائرة الاحصاءات العامة ، مسح السكان والصحة الأسرية
Source,"Department of Statistics, Annual Statistical Yearbook",المصدر,دائرة الاحصاءات العامة، الكتاب الاحصائي السنوي
Source,"Department of Statistics, Population and Family Health Survey",المصدر,دائرة الاحصاءات العامة، مسح السكان والصحة الأسرية
Source,"Department of Statistics, Population and Family Health Survey",المصدر,دائرة الاحصاءات العامة، مسح السكان والصحة الأسريةدائرة الاحصاءات العامة، مسح السكان والصحة الأسرية
Source,"Department of Statistics, Labour Force Survey",المصدر,دائرة الاحصاءات العامة، مسح قوة العمل
Source,"Department of Statistics, Labour Force Survey",المصدر,دائرة الاحصاءات العامة،مسح قوة العمل
Source,Civil Status and Passports Department,المصدر,دائرة الاحوال المدنية والجوازات
Source,Central Statistical Organization / Yemen,المصدر,ديوان الجهاز المركزي للاحصاء / اليمن
Source,Not calculated by the Central Statistical Organization,المصدر,غير محتسبة من قبل الجهاز المركزي للاحصاء
Source,Palestine in Figures 2025,المصدر,فلسطين في ارقام 2025
Source,IKN Survey,المصدر,مسح IKN
Source,MICS Survey 2022-2023,المصدر,مسح MICS 2022- 2023
Source,MICS Survey 2022-2023,المصدر,مسح MICS 2022-2023
Source,MICS Survey 2022-2024,المصدر,مسح MICS 2022-2024
Source,MICS Survey 2022-2025,المصدر,مسح MICS 2022-2025
Source,MICS Survey 2022-2023,المصدر,مسح MICS2022 -2023
Source,MICS Survey 2022-2023,المصدر,مسح mics 2022-2023
Source,MICS Survey 2022-2024,المصدر,مسح mics 2022-2024
Source,MICS Survey 2022-2025,المصدر,مسح mics 2022-2025
Source,IHSES Survey 2024,المصدر,مسح احساس 2024
Source,IHSES Survey,المصدر,مسح الاحساس
Source,IHSES Survey 2012,المصدر,مسح الاحساس2012
Source,IHSES Survey 2014,المصدر,مسح الاحساس2014
Source,Food Security Survey,المصدر,مسح الامن الغذائي
Source,Food Security Survey 2016,المصدر,مسح الامن الغذائي2016
Source,Employment and Unemployment Survey 2013,المصدر,مسح التشغيل والبطالة 2013
Source,Employment and Unemployment Survey 2010,المصدر,مسح التشغيل والبطاله 2010
Source,Employment and Unemployment Survey 2012,المصدر,مسح التشغيل والبطاله 2012
Source,Demographic Characteristics Survey - General Authority for Statistics,المصدر,مسح الخصائص السكانية - الهيئة العامة للاحصاء
Source,Income and Expenditure Survey 2022,المصدر,مسح الدخل والانفاق 2022
Source,Income and Expenditure Survey 2022,المصدر,مسح الدخل والانفاق2022
Source,Labour Force Survey 2010,المصدر,مسح القبوى العاملة 2010
Source,Labour Force Survey 2010,المصدر,مسح القوى العاملة 2010
Source,Labour Force Survey 2012,المصدر,مسح القوى العاملة 2012
Source,Labour Force Survey 2013,المصدر,مسح القوى العاملة 2013
Source,Labour Force Survey 2013-2014,المصدر,مسح القوى العاملة 2013 -2014
Source,Labour Force Survey 2013-2015,المصدر,مسح القوى العاملة 2013 -2015
Source,Labour Force Survey 2021,المصدر,مسح القوى العاملة 2021
Source,Labour Force Survey 2022,المصدر,مسح القوى العاملة 2022
Source,Sample Labour Force Survey,المصدر,مسح القوى العاملة بالعينة
Source,Iraq Labour Force Survey 2021,المصدر,مسح القوى العاملة في العراق 2021
Source,Labour Force Survey 2022,المصدر,مسح القوى العاملة2022
Source,Labour Force Survey 2022,المصدر,مسح القوي العاملة 2022
Source,SWIFT Survey,المصدر,مسح سويفت
Source,SWIFT Survey 2017,المصدر,مسح سويفت2017
Source,Family Health Survey 2014,المصدر,مسح صحة الأسرة 2014
Source,Family Health Survey 2014,المصدر,مسح صحة الاسرة 2014
Source,Labour Force Survey,المصدر,مسح قوة العمل
Source,Labour Force Survey,المصدر,مسح قوة العمل 
Source,Multi-Sector Survey 2016,المصدر,مسح متعدد القطاعات 2016
Source,Household Income and Expenditure Survey,المصدر,مسح نفقات دخل الاسرة
Source,Central Bureau of Statistics,المصدر,مصلحة الاحصاء والتعداد 
Source,"Central Bureau of Statistics / constant growth rate based on the base year of the most recent general population census, 2006",المصدر,مصلحة الاحصاء والتعداد/ معدل نمو تابت على حسب سنة الاساس لاخر تعداد عام للسكان سنة 2006
Source,Civil Status Department,المصدر,مصلحة الاحوال المدنية
Source,Civil Status Department,المصدر,مصلحة الحالة المدنية
Source,International Labour Organization,المصدر,منظمة العمل الدولية
Source,National Registry System 2022,المصدر,منظومة السجلات الوطنية2022
Source,Marriage and Divorce Bulletin - General Authority for Statistics,المصدر,نشرة الزواج والطلاق - الهيئة العامة للإحصاء
Source,Information and eGovernment Authority,المصدر,هيئة المعلومات والحكومة الالكترونية
Source,Information and eGovernment Authority - 2010 Census,المصدر,هيئة المعلومات والحكومة الالكترونية - تعداد 2010
Source,Information and eGovernment Authority - 2020 Census,المصدر,هيئة المعلومات والحكومة الالكترونية - تعداد 2020
Source,Ministry of Health,المصدر,وزارة الصحة
Source,"Palestinian Ministry of Health, Annual Health Report, 2022.",المصدر,وزارة الصحة الفلسطينة، التقرير السنوي الصحي ، 2022.
Source,Ministry of Health and Prevention,المصدر,وزارة الصحة ووقاية المجتمع
Source,Ministry of Health / Causes of Death Bulletin,المصدر,وزارة الصحة/نشرة أسباب الوفيات
Source,"Ministry of Justice, Islamic Affairs and Endowments",المصدر,وزارة العدل والشؤون الإسلامية والاوقاف
Source,Ministry of Labour,المصدر,وزارة العمل
Source,According to the future population projections (2022-2072),المصدر,وفقا للاسقاطات السكانية المستقبلية (2022-2072)
Source,Household Income and Expenditure Survey,المصدر, مسح الدخل والانفاق الاسري 
Source,Household Income and Expenditure Survey 2022,المصدر, مسح الدخل والانفاق الاسري 2022
Source,IHSES 2024,المصدر,احساس 2024
Source,Central Administration of Statistics - poverty measurement based on the Household Budget Survey 2011/2012,المصدر,ادارة الاحصاء المركزي- قياس الفقر بالاستناد الى مسح ميزانية الأسرة 2011/2012
Source,Socio-Economic Survey of Households in Iraq 2024,المصدر,المسح الاجتماعي والاقتصادي للاسرة في العراق 2024
Source,National Survey on Household Consumption and Expenditure,المصدر,المسح الوطني حول استهلاك ونفقات الأسر
Source,"National Survey on Household Expenditure, Consumption and Living Standards - National Institute of Statistics",المصدر,المسح الوطني حول الإنفاق والاستهلاك ومستوى عيش الأسر - المعهد الوطني للإحصاء
Source,"National Survey on Household Expenditure, Consumption and Living Standards - National Institute of Statistics",المصدر,المسح الوطني حول الإنفاق والاستهلاك ومستوى عيش الأير - المعهد الوطني للإحصاء
Source,National Survey on Household Living Standards,المصدر,المسح الوطني حول مستوى معيشة الأسر
Source,National Survey on Sources of Income,المصدر,المسح الوطني حول مصادر الدخل
Source,"Income, Expenditure and Consumption Survey (every two years)",المصدر,بحث الدخل والانفاق والاستهلاك  (دورية كل سنتين)
Source,Household Expenditure and Income Survey,المصدر,مسح إنفاق ودخل الأسرة
Source,Household Expenditure and Income Survey,المصدر,مسح دخل وإنفاق الاسرة
Indicator,"Sex ratio, 2010-2025 (per 100 females)",المؤشر,نسبة الذكور إلى الإناث، 2010-2025 (لكل 100 أنثى)
Indicator,"Percentage of population by age group and by sex, 2024",المؤشر,التوزيع النسبي للسكان حسب الفئة العمرية والجنس، 2024
Age Group,<15 years,الفئة العمرية,أقل من 15 سنة
Age Group,65+ years,الفئة العمرية,65 سنة فأكثر
